Ref,Horizon,Mean,Establish_Date,Target,Range,Effective_Inflation
1/1/2000,2000,6.974761905,6/30/1999,6,2,5.97
1/1/2000,2001,4,6/30/1999,4,2,7.67
2/1/2000,2000,6.872857143,6/30/1999,6,2,5.97
2/1/2000,2001,4.142857143,6/30/1999,4,2,7.67
3/1/2000,2000,6.555238095,6/30/1999,6,2,5.97
3/1/2000,2001,4.049047619,6/30/1999,4,2,7.67
4/1/2000,2000,6.477894737,6/30/1999,6,2,5.97
4/1/2000,2001,4.168947368,6/30/1999,4,2,7.67
5/1/2000,2000,6.181363636,6/30/1999,6,2,5.97
5/1/2000,2001,4.460454545,6/30/1999,4,2,7.67
6/1/2000,2000,6.004761905,6/30/1999,6,2,5.97
6/1/2000,2001,4.283333333,6/30/1999,4,2,7.67
7/1/2000,2000,5.917142857,6/30/1999,6,2,5.97
7/1/2000,2001,4.232857143,6/30/1999,4,2,7.67
8/1/2000,2000,6.095217391,6/30/1999,6,2,5.97
8/1/2000,2001,4.247826087,6/30/1999,4,2,7.67
8/1/2000,2002,3.5,6/28/2000,3.5,2,12.53
9/1/2000,2000,6.3015,6/30/1999,6,2,5.97
9/1/2000,2001,4.3475,6/30/1999,4,2,7.67
9/1/2000,2002,3.535,6/28/2000,3.5,2,12.53
10/1/2000,2000,6.221904762,6/30/1999,6,2,5.97
10/1/2000,2001,4.3,6/30/1999,4,2,7.67
10/1/2000,2002,3.597619048,6/28/2000,3.5,2,12.53
11/1/2000,2000,6.175,6/30/1999,6,2,5.97
11/1/2000,2001,4.3,6/30/1999,4,2,7.67
11/1/2000,2002,3.7705,6/28/2000,3.5,2,12.53
12/1/2000,2000,6.0945,6/30/1999,6,2,5.97
12/1/2000,2001,4.31,6/30/1999,4,2,7.67
12/1/2000,2002,3.8045,6/28/2000,3.5,2,12.53
1/1/2001,2001,4.209090909,6/30/1999,4,2,7.67
1/1/2001,2002,3.811363636,6/28/2000,3.5,2,12.53
2/1/2001,2001,4.2,6/30/1999,4,2,7.67
2/1/2001,2002,3.736111111,6/28/2000,3.5,2,12.53
3/1/2001,2001,4.237272727,6/30/1999,4,2,7.67
3/1/2001,2002,3.679545455,6/28/2000,3.5,2,12.53
4/1/2001,2001,4.492,6/30/1999,4,2,7.67
4/1/2001,2002,3.677,6/28/2000,3.5,2,12.53
5/1/2001,2001,4.846818182,6/30/1999,4,2,7.67
5/1/2001,2002,3.765909091,6/28/2000,3.5,2,12.53
6/1/2001,2001,5.482631579,6/30/1999,4,2,7.67
6/1/2001,2002,3.895263158,6/28/2000,3.5,2,12.53
7/1/2001,2001,5.920909091,6/30/1999,4,2,7.67
7/1/2001,2002,4.018181818,6/28/2000,3.5,2,12.53
8/1/2001,2001,6.289565217,6/30/1999,4,2,7.67
8/1/2001,2002,4.387391304,6/28/2000,3.5,2,12.53
9/1/2001,2001,6.508947368,6/30/1999,4,2,7.67
9/1/2001,2002,4.581578947,6/28/2000,3.5,2,12.53
10/1/2001,2001,6.625909091,6/30/1999,4,2,7.67
10/1/2001,2002,4.959545455,6/28/2000,3.5,2,12.53
11/1/2001,2001,7.041052632,6/30/1999,4,2,7.67
11/1/2001,2002,5.096315789,6/28/2000,3.5,2,12.53
11/1/2001,2005,3.444444444,6/25/2003,4.5,2.5,5.69
12/1/2001,2001,7.368,6/30/1999,4,2,7.67
12/1/2001,2002,5.033,6/28/2000,3.5,2,12.53
12/1/2001,2005,3.475,6/25/2003,4.5,2.5,5.69
1/1/2002,2001,7.4,6/30/1999,4,2,7.67
1/1/2002,2002,4.750454545,6/28/2000,3.5,2,12.53
1/1/2002,2005,3.403636364,6/25/2003,4.5,2.5,5.69
1/1/2002,2006,3.556,6/30/2004,4.5,2,3.14
2/1/2002,2002,4.814210526,6/28/2000,3.5,2,12.53
2/1/2002,2005,3.5,6/25/2003,4.5,2.5,5.69
2/1/2002,2006,3.5,6/30/2004,4.5,2,3.14
3/1/2002,2002,4.9595,6/28/2000,3.5,2,12.53
3/1/2002,2005,3.5,6/25/2003,4.5,2.5,5.69
3/1/2002,2006,3.5,6/30/2004,4.5,2,3.14
4/1/2002,2002,5.349090909,6/28/2000,3.5,2,12.53
4/1/2002,2005,3.5,6/25/2003,4.5,2.5,5.69
4/1/2002,2006,3.5,6/30/2004,4.5,2,3.14
5/1/2002,2002,5.464761905,6/28/2000,3.5,2,12.53
5/1/2002,2005,3.5,6/25/2003,4.5,2.5,5.69
5/1/2002,2006,3.5,6/30/2004,4.5,2,3.14
6/1/2002,2002,5.485,6/28/2000,3.5,2,12.53
6/1/2002,2005,3.5,6/25/2003,4.5,2.5,5.69
6/1/2002,2006,3.5,6/30/2004,4.5,2,3.14
7/1/2002,2002,5.81,6/28/2000,3.5,2,12.53
7/1/2002,2005,3.5,6/25/2003,4.5,2.5,5.69
7/1/2002,2006,3.5,6/30/2004,4.5,2,3.14
8/1/2002,2002,6.241818182,6/28/2000,3.5,2,12.53
8/1/2002,2005,3.5,6/25/2003,4.5,2.5,5.69
8/1/2002,2006,3.5,6/30/2004,4.5,2,3.14
9/1/2002,2002,6.595238095,6/28/2000,3.5,2,12.53
9/1/2002,2005,3.761904762,6/25/2003,4.5,2.5,5.69
9/1/2002,2006,3.5,6/30/2004,4.5,2,3.14
10/1/2002,2002,7.532608696,6/28/2000,3.5,2,12.53
10/1/2002,2005,4.205652174,6/25/2003,4.5,2.5,5.69
10/1/2002,2006,3.752173913,6/30/2004,4.5,2,3.14
11/1/2002,2002,9.4905,6/28/2000,3.5,2,12.53
11/1/2002,2005,5.404,6/25/2003,4.5,2.5,5.69
11/1/2002,2006,4.571,6/30/2004,4.5,2,3.14
12/1/2002,2002,12.00142857,6/28/2000,3.5,2,12.53
12/1/2002,2005,5.94047619,6/25/2003,4.5,2.5,5.69
12/1/2002,2006,4.954761905,6/30/2004,4.5,2,3.14
1/1/2003,2002,12.63166667,6/28/2000,3.5,2,12.53
1/1/2003,2005,6,6/25/2003,4.5,2.5,5.69
1/1/2003,2006,5.091818182,6/30/2004,4.5,2,3.14
1/1/2003,2007,4.84375,6/23/2005,4.5,2,4.46
2/1/2003,2005,6,6/25/2003,4.5,2.5,5.69
2/1/2003,2006,5,6/30/2004,4.5,2,3.14
2/1/2003,2007,4.775,6/23/2005,4.5,2,4.46
3/1/2003,2005,6,6/25/2003,4.5,2.5,5.69
3/1/2003,2006,5,6/30/2004,4.5,2,3.14
3/1/2003,2007,5,6/23/2005,4.5,2,4.46
4/1/2003,2005,6,6/25/2003,4.5,2.5,5.69
4/1/2003,2006,5,6/30/2004,4.5,2,3.14
4/1/2003,2007,5,6/23/2005,4.5,2,4.46
5/1/2003,2005,6,6/25/2003,4.5,2.5,5.69
5/1/2003,2006,5,6/30/2004,4.5,2,3.14
5/1/2003,2007,4.678571429,6/23/2005,4.5,2,4.46
6/1/2003,2005,5.732,6/25/2003,4.5,2.5,5.69
6/1/2003,2006,5,6/30/2004,4.5,2,3.14
6/1/2003,2007,4.3375,6/23/2005,4.5,2,4.46
7/1/2003,2005,5,6/25/2003,4.5,2.5,5.69
7/1/2003,2006,4.844347826,6/30/2004,4.5,2,3.14
7/1/2003,2007,4.097826087,6/23/2005,4.5,2,4.46
8/1/2003,2005,5.005238095,6/25/2003,4.5,2.5,5.69
8/1/2003,2006,4.788571429,6/30/2004,4.5,2,3.14
8/1/2003,2007,4.016666667,6/23/2005,4.5,2,4.46
9/1/2003,2005,5,6/25/2003,4.5,2.5,5.69
9/1/2003,2006,4.745454545,6/30/2004,4.5,2,3.14
9/1/2003,2007,4.281818182,6/23/2005,4.5,2,4.46
10/1/2003,2005,5,6/25/2003,4.5,2.5,5.69
10/1/2003,2006,4.840909091,6/30/2004,4.5,2,3.14
10/1/2003,2007,4.246818182,6/23/2005,4.5,2,4.46
11/1/2003,2005,5,6/25/2003,4.5,2.5,5.69
11/1/2003,2006,4.523,6/30/2004,4.5,2,3.14
11/1/2003,2007,4.038,6/23/2005,4.5,2,4.46
12/1/2003,2005,5,6/25/2003,4.5,2.5,5.69
12/1/2003,2006,4.5,6/30/2004,4.5,2,3.14
12/1/2003,2007,4,6/23/2005,4.5,2,4.46
1/1/2004,2005,5,6/25/2003,4.5,2.5,5.69
1/1/2004,2006,4.5,6/30/2004,4.5,2,3.14
1/1/2004,2007,4.0725,6/23/2005,4.5,2,4.46
1/1/2004,2008,4.026923077,6/29/2006,4.5,2,5.9
2/1/2004,2005,5,6/25/2003,4.5,2.5,5.69
2/1/2004,2006,4.5,6/30/2004,4.5,2,3.14
2/1/2004,2007,4.125,6/23/2005,4.5,2,4.46
2/1/2004,2008,4,6/29/2006,4.5,2,5.9
3/1/2004,2005,5,6/25/2003,4.5,2.5,5.69
3/1/2004,2006,4.5,6/30/2004,4.5,2,3.14
3/1/2004,2007,4.276086957,6/23/2005,4.5,2,4.46
3/1/2004,2008,4.030434783,6/29/2006,4.5,2,5.9
4/1/2004,2005,5,6/25/2003,4.5,2.5,5.69
4/1/2004,2006,4.525,6/30/2004,4.5,2,3.14
4/1/2004,2007,4.475,6/23/2005,4.5,2,4.46
4/1/2004,2008,4.1475,6/29/2006,4.5,2,5.9
5/1/2004,2005,5.104761905,6/25/2003,4.5,2.5,5.69
5/1/2004,2006,4.988571429,6/30/2004,4.5,2,3.14
5/1/2004,2007,4.5,6/23/2005,4.5,2,4.46
5/1/2004,2008,4.438095238,6/29/2006,4.5,2,5.9
6/1/2004,2005,5.44,6/25/2003,4.5,2.5,5.69
6/1/2004,2006,5,6/30/2004,4.5,2,3.14
6/1/2004,2007,4.5,6/23/2005,4.5,2,4.46
6/1/2004,2008,4.5,6/29/2006,4.5,2,5.9
7/1/2004,2005,5.5,6/25/2003,4.5,2.5,5.69
7/1/2004,2006,5,6/30/2004,4.5,2,3.14
7/1/2004,2007,4.5,6/23/2005,4.5,2,4.46
7/1/2004,2008,4.5,6/29/2006,4.5,2,5.9
8/1/2004,2005,5.508181818,6/25/2003,4.5,2.5,5.69
8/1/2004,2006,5,6/30/2004,4.5,2,3.14
8/1/2004,2007,4.5,6/23/2005,4.5,2,4.46
8/1/2004,2008,4.5,6/29/2006,4.5,2,5.9
9/1/2004,2005,5.725238095,6/25/2003,4.5,2.5,5.69
9/1/2004,2006,5,6/30/2004,4.5,2,3.14
9/1/2004,2007,4.521428571,6/23/2005,4.5,2,4.46
9/1/2004,2008,4.5,6/29/2006,4.5,2,5.9
10/1/2004,2005,5.834,6/25/2003,4.5,2.5,5.69
10/1/2004,2006,5,6/30/2004,4.5,2,3.14
10/1/2004,2007,4.59,6/23/2005,4.5,2,4.46
10/1/2004,2008,4.5,6/29/2006,4.5,2,5.9
11/1/2004,2005,5.88,6/25/2003,4.5,2.5,5.69
11/1/2004,2006,5,6/30/2004,4.5,2,3.14
11/1/2004,2007,4.5,6/23/2005,4.5,2,4.46
11/1/2004,2008,4.5,6/29/2006,4.5,2,5.9
12/1/2004,2005,5.763809524,6/25/2003,4.5,2.5,5.69
12/1/2004,2006,5,6/30/2004,4.5,2,3.14
12/1/2004,2007,4.502380952,6/23/2005,4.5,2,4.46
12/1/2004,2008,4.5,6/29/2006,4.5,2,5.9
1/1/2005,2005,5.691428571,6/25/2003,4.5,2.5,5.69
1/1/2005,2006,5,6/30/2004,4.5,2,3.14
1/1/2005,2007,4.507142857,6/23/2005,4.5,2,4.46
1/1/2005,2008,4.5,6/29/2006,4.5,2,5.9
1/1/2005,2009,4.533333333,6/26/2007,4.5,2,4.31
2/1/2005,2005,5.718888889,6/25/2003,4.5,2.5,5.69
2/1/2005,2006,5,6/30/2004,4.5,2,3.14
2/1/2005,2007,4.5,6/23/2005,4.5,2,4.46
2/1/2005,2008,4.5,6/29/2006,4.5,2,5.9
2/1/2005,2009,4.569444444,6/26/2007,4.5,2,4.31
3/1/2005,2005,5.787272727,6/25/2003,4.5,2.5,5.69
3/1/2005,2006,5,6/30/2004,4.5,2,3.14
3/1/2005,2007,4.5,6/23/2005,4.5,2,4.46
3/1/2005,2008,4.5,6/29/2006,4.5,2,5.9
3/1/2005,2009,4.5,6/26/2007,4.5,2,4.31
4/1/2005,2005,6.0715,6/25/2003,4.5,2.5,5.69
4/1/2005,2006,5,6/30/2004,4.5,2,3.14
4/1/2005,2007,4.5,6/23/2005,4.5,2,4.46
4/1/2005,2008,4.5,6/29/2006,4.5,2,5.9
4/1/2005,2009,4.5,6/26/2007,4.5,2,4.31
5/1/2005,2005,6.346190476,6/25/2003,4.5,2.5,5.69
5/1/2005,2006,5,6/30/2004,4.5,2,3.14
5/1/2005,2007,4.5,6/23/2005,4.5,2,4.46
5/1/2005,2008,4.5,6/29/2006,4.5,2,5.9
5/1/2005,2009,4.5,6/26/2007,4.5,2,4.31
6/1/2005,2005,6.174090909,6/25/2003,4.5,2.5,5.69
6/1/2005,2006,5,6/30/2004,4.5,2,3.14
6/1/2005,2007,4.5,6/23/2005,4.5,2,4.46
6/1/2005,2008,4.5,6/29/2006,4.5,2,5.9
6/1/2005,2009,4.5,6/26/2007,4.5,2,4.31
7/1/2005,2005,5.694761905,6/25/2003,4.5,2.5,5.69
7/1/2005,2006,5,6/30/2004,4.5,2,3.14
7/1/2005,2007,4.5,6/23/2005,4.5,2,4.46
7/1/2005,2008,4.5,6/29/2006,4.5,2,5.9
7/1/2005,2009,4.5,6/26/2007,4.5,2,4.31
8/1/2005,2005,5.386956522,6/25/2003,4.5,2.5,5.69
8/1/2005,2006,4.956086957,6/30/2004,4.5,2,3.14
8/1/2005,2007,4.513043478,6/23/2005,4.5,2,4.46
8/1/2005,2008,4.5,6/29/2006,4.5,2,5.9
8/1/2005,2009,4.5,6/26/2007,4.5,2,4.31
9/1/2005,2005,5.213333333,6/25/2003,4.5,2.5,5.69
9/1/2005,2006,4.750952381,6/30/2004,4.5,2,3.14
9/1/2005,2007,4.5,6/23/2005,4.5,2,4.46
9/1/2005,2008,4.5,6/29/2006,4.5,2,5.9
9/1/2005,2009,4.5,6/26/2007,4.5,2,4.31
10/1/2005,2005,5.2575,6/25/2003,4.5,2.5,5.69
10/1/2005,2006,4.6035,6/30/2004,4.5,2,3.14
10/1/2005,2007,4.5,6/23/2005,4.5,2,4.46
10/1/2005,2008,4.5,6/29/2006,4.5,2,5.9
10/1/2005,2009,4.5,6/26/2007,4.5,2,4.31
11/1/2005,2005,5.4855,6/25/2003,4.5,2.5,5.69
11/1/2005,2006,4.573,6/30/2004,4.5,2,3.14
11/1/2005,2007,4.5,6/23/2005,4.5,2,4.46
11/1/2005,2008,4.5,6/29/2006,4.5,2,5.9
11/1/2005,2009,4.5,6/26/2007,4.5,2,4.31
12/1/2005,2005,5.667272727,6/25/2003,4.5,2.5,5.69
12/1/2005,2006,4.503181818,6/30/2004,4.5,2,3.14
12/1/2005,2007,4.5,6/23/2005,4.5,2,4.46
12/1/2005,2008,4.5,6/29/2006,4.5,2,5.9
12/1/2005,2009,4.498636364,6/26/2007,4.5,2,4.31
1/1/2006,2005,5.68,6/25/2003,4.5,2.5,5.69
1/1/2006,2006,4.560454545,6/30/2004,4.5,2,3.14
1/1/2006,2007,4.5,6/23/2005,4.5,2,4.46
1/1/2006,2008,4.482272727,6/29/2006,4.5,2,5.9
1/1/2006,2009,4.474545455,6/26/2007,4.5,2,4.31
1/1/2006,2010,4.525,7/1/2008,4.5,2,5.91
2/1/2006,2006,4.636666667,6/30/2004,4.5,2,3.14
2/1/2006,2007,4.5,6/23/2005,4.5,2,4.46
2/1/2006,2008,4.492777778,6/29/2006,4.5,2,5.9
2/1/2006,2009,4.438888889,6/26/2007,4.5,2,4.31
2/1/2006,2010,4.5,7/1/2008,4.5,2,5.91
3/1/2006,2006,4.552173913,6/30/2004,4.5,2,3.14
3/1/2006,2007,4.5,6/23/2005,4.5,2,4.46
3/1/2006,2008,4.5,6/29/2006,4.5,2,5.9
3/1/2006,2009,4.38,6/26/2007,4.5,2,4.31
3/1/2006,2010,4.5,7/1/2008,4.5,2,5.91
4/1/2006,2006,4.440555556,6/30/2004,4.5,2,3.14
4/1/2006,2007,4.5,6/23/2005,4.5,2,4.46
4/1/2006,2008,4.496666667,6/29/2006,4.5,2,5.9
4/1/2006,2009,4.302777778,6/26/2007,4.5,2,4.31
4/1/2006,2010,4.375,7/1/2008,4.5,2,5.91
5/1/2006,2006,4.328636364,6/30/2004,4.5,2,3.14
5/1/2006,2007,4.5,6/23/2005,4.5,2,4.46
5/1/2006,2008,4.5,6/29/2006,4.5,2,5.9
5/1/2006,2009,4.3,6/26/2007,4.5,2,4.31
5/1/2006,2010,4.322727273,7/1/2008,4.5,2,5.91
6/1/2006,2006,4.155238095,6/30/2004,4.5,2,3.14
6/1/2006,2007,4.5,6/23/2005,4.5,2,4.46
6/1/2006,2008,4.5,6/29/2006,4.5,2,5.9
6/1/2006,2009,4.352380952,6/26/2007,4.5,2,4.31
6/1/2006,2010,4.357142857,7/1/2008,4.5,2,5.91
7/1/2006,2006,3.800952381,6/30/2004,4.5,2,3.14
7/1/2006,2007,4.5,6/23/2005,4.5,2,4.46
7/1/2006,2008,4.5,6/29/2006,4.5,2,5.9
7/1/2006,2009,4.5,6/26/2007,4.5,2,4.31
7/1/2006,2010,4.476190476,7/1/2008,4.5,2,5.91
8/1/2006,2006,3.715217391,6/30/2004,4.5,2,3.14
8/1/2006,2007,4.5,6/23/2005,4.5,2,4.46
8/1/2006,2008,4.5,6/29/2006,4.5,2,5.9
8/1/2006,2009,4.402173913,6/26/2007,4.5,2,4.31
8/1/2006,2010,4.363043478,7/1/2008,4.5,2,5.91
9/1/2006,2006,3.223,6/30/2004,4.5,2,3.14
9/1/2006,2007,4.3695,6/23/2005,4.5,2,4.46
9/1/2006,2008,4.4275,6/29/2006,4.5,2,5.9
9/1/2006,2009,4.305,6/26/2007,4.5,2,4.31
9/1/2006,2010,4.2,7/1/2008,4.5,2,5.91
10/1/2006,2006,2.981904762,6/30/2004,4.5,2,3.14
10/1/2006,2007,4.202380952,6/23/2005,4.5,2,4.46
10/1/2006,2008,4.30952381,6/29/2006,4.5,2,5.9
10/1/2006,2009,4.217619048,6/26/2007,4.5,2,4.31
10/1/2006,2010,4,7/1/2008,4.5,2,5.91
11/1/2006,2006,3.076,6/30/2004,4.5,2,3.14
11/1/2006,2007,4.11,6/23/2005,4.5,2,4.46
11/1/2006,2008,4.3,6/29/2006,4.5,2,5.9
11/1/2006,2009,4.2015,6/26/2007,4.5,2,4.31
11/1/2006,2010,4,7/1/2008,4.5,2,5.91
12/1/2006,2006,3.122,6/30/2004,4.5,2,3.14
12/1/2006,2007,4.052,6/23/2005,4.5,2,4.46
12/1/2006,2008,4.179,6/29/2006,4.5,2,5.9
12/1/2006,2009,4.125,6/26/2007,4.5,2,4.31
12/1/2006,2010,4,7/1/2008,4.5,2,5.91
1/1/2007,2006,3.11,6/30/2004,4.5,2,3.14
1/1/2007,2007,4.05,6/23/2005,4.5,2,4.46
1/1/2007,2008,4.022727273,6/29/2006,4.5,2,5.9
1/1/2007,2009,4.029545455,6/26/2007,4.5,2,4.31
1/1/2007,2010,4,7/1/2008,4.5,2,5.91
1/1/2007,2011,4,6/30/2009,4.5,2,6.5
2/1/2007,2007,3.973333333,6/23/2005,4.5,2,4.46
2/1/2007,2008,4,6/29/2006,4.5,2,5.9
2/1/2007,2009,4,6/26/2007,4.5,2,4.31
2/1/2007,2010,4,7/1/2008,4.5,2,5.91
2/1/2007,2011,4,6/30/2009,4.5,2,6.5
3/1/2007,2007,3.867272727,6/23/2005,4.5,2,4.46
3/1/2007,2008,4.003181818,6/29/2006,4.5,2,5.9
3/1/2007,2009,4.006818182,6/26/2007,4.5,2,4.31
3/1/2007,2010,4,7/1/2008,4.5,2,5.91
3/1/2007,2011,4,6/30/2009,4.5,2,6.5
4/1/2007,2007,3.795,6/23/2005,4.5,2,4.46
4/1/2007,2008,4,6/29/2006,4.5,2,5.9
4/1/2007,2009,4,6/26/2007,4.5,2,4.31
4/1/2007,2010,4,7/1/2008,4.5,2,5.91
4/1/2007,2011,4,6/30/2009,4.5,2,6.5
5/1/2007,2007,3.583636364,6/23/2005,4.5,2,4.46
5/1/2007,2008,4,6/29/2006,4.5,2,5.9
5/1/2007,2009,4,6/26/2007,4.5,2,4.31
5/1/2007,2010,4,7/1/2008,4.5,2,5.91
5/1/2007,2011,4,6/30/2009,4.5,2,6.5
6/1/2007,2007,3.586,6/23/2005,4.5,2,4.46
6/1/2007,2008,3.9955,6/29/2006,4.5,2,5.9
6/1/2007,2009,4,6/26/2007,4.5,2,4.31
6/1/2007,2010,4,7/1/2008,4.5,2,5.91
6/1/2007,2011,4,6/30/2009,4.5,2,6.5
7/1/2007,2007,3.696363636,6/23/2005,4.5,2,4.46
7/1/2007,2008,4,6/29/2006,4.5,2,5.9
7/1/2007,2009,4,6/26/2007,4.5,2,4.31
7/1/2007,2010,4,7/1/2008,4.5,2,5.91
7/1/2007,2011,4,6/30/2009,4.5,2,6.5
8/1/2007,2007,3.799130435,6/23/2005,4.5,2,4.46
8/1/2007,2008,4,6/29/2006,4.5,2,5.9
8/1/2007,2009,4,6/26/2007,4.5,2,4.31
8/1/2007,2010,4,7/1/2008,4.5,2,5.91
8/1/2007,2011,4,6/30/2009,4.5,2,6.5
9/1/2007,2007,3.999473684,6/23/2005,4.5,2,4.46
9/1/2007,2008,4.039473684,6/29/2006,4.5,2,5.9
9/1/2007,2009,4,6/26/2007,4.5,2,4.31
9/1/2007,2010,4,7/1/2008,4.5,2,5.91
9/1/2007,2011,4,6/30/2009,4.5,2,6.5
10/1/2007,2007,3.924090909,6/23/2005,4.5,2,4.46
10/1/2007,2008,4.1,6/29/2006,4.5,2,5.9
10/1/2007,2009,4,6/26/2007,4.5,2,4.31
10/1/2007,2010,4,7/1/2008,4.5,2,5.91
10/1/2007,2011,4,6/30/2009,4.5,2,6.5
11/1/2007,2007,3.916,6/23/2005,4.5,2,4.46
11/1/2007,2008,4.1,6/29/2006,4.5,2,5.9
11/1/2007,2009,4,6/26/2007,4.5,2,4.31
11/1/2007,2010,4,7/1/2008,4.5,2,5.91
11/1/2007,2011,4,6/30/2009,4.5,2,6.5
12/1/2007,2007,4.205,6/23/2005,4.5,2,4.46
12/1/2007,2008,4.1895,6/29/2006,4.5,2,5.9
12/1/2007,2009,4.0055,6/26/2007,4.5,2,4.31
12/1/2007,2010,4,7/1/2008,4.5,2,5.91
12/1/2007,2011,4,6/30/2009,4.5,2,6.5
1/1/2008,2007,4.397142857,6/23/2005,4.5,2,4.46
1/1/2008,2008,4.362727273,6/29/2006,4.5,2,5.9
1/1/2008,2009,4.096363636,6/26/2007,4.5,2,4.31
1/1/2008,2010,4,7/1/2008,4.5,2,5.91
1/1/2008,2011,4,6/30/2009,4.5,2,6.5
1/1/2008,2012,3.943333333,6/22/2010,4.5,2,5.84
2/1/2008,2008,4.407368421,6/29/2006,4.5,2,5.9
2/1/2008,2009,4.236315789,6/26/2007,4.5,2,4.31
2/1/2008,2010,4,7/1/2008,4.5,2,5.91
2/1/2008,2011,4,6/30/2009,4.5,2,6.5
2/1/2008,2012,4,6/22/2010,4.5,2,5.84
3/1/2008,2008,4.4375,6/29/2006,4.5,2,5.9
3/1/2008,2009,4.2945,6/26/2007,4.5,2,4.31
3/1/2008,2010,4.055,7/1/2008,4.5,2,5.91
3/1/2008,2011,4.0195,6/30/2009,4.5,2,6.5
3/1/2008,2012,4,6/22/2010,4.5,2,5.84
4/1/2008,2008,4.658095238,6/29/2006,4.5,2,5.9
4/1/2008,2009,4.365714286,6/26/2007,4.5,2,4.31
4/1/2008,2010,4.198095238,7/1/2008,4.5,2,5.91
4/1/2008,2011,4.084761905,6/30/2009,4.5,2,6.5
4/1/2008,2012,4,6/22/2010,4.5,2,5.84
5/1/2008,2008,5.1195,6/29/2006,4.5,2,5.9
5/1/2008,2009,4.5075,6/26/2007,4.5,2,4.31
5/1/2008,2010,4.328,7/1/2008,4.5,2,5.91
5/1/2008,2011,4.1655,6/30/2009,4.5,2,6.5
5/1/2008,2012,4,6/22/2010,4.5,2,5.84
6/1/2008,2008,5.872380952,6/29/2006,4.5,2,5.9
6/1/2008,2009,4.69,6/26/2007,4.5,2,4.31
6/1/2008,2010,4.5,7/1/2008,4.5,2,5.91
6/1/2008,2011,4.352857143,6/30/2009,4.5,2,6.5
6/1/2008,2012,4.155238095,6/22/2010,4.5,2,5.84
7/1/2008,2008,6.502608696,6/29/2006,4.5,2,5.9
7/1/2008,2009,4.979130435,6/26/2007,4.5,2,4.31
7/1/2008,2010,4.5,7/1/2008,4.5,2,5.91
7/1/2008,2011,4.5,6/30/2009,4.5,2,6.5
7/1/2008,2012,4.326521739,6/22/2010,4.5,2,5.84
8/1/2008,2008,6.426190476,6/29/2006,4.5,2,5.9
8/1/2008,2009,5,6/26/2007,4.5,2,4.31
8/1/2008,2010,4.5,7/1/2008,4.5,2,5.91
8/1/2008,2011,4.5,6/30/2009,4.5,2,6.5
8/1/2008,2012,4.464285714,6/22/2010,4.5,2,5.84
9/1/2008,2008,6.234090909,6/29/2006,4.5,2,5.9
9/1/2008,2009,4.954545455,6/26/2007,4.5,2,4.31
9/1/2008,2010,4.5,7/1/2008,4.5,2,5.91
9/1/2008,2011,4.5,6/30/2009,4.5,2,6.5
9/1/2008,2012,4.492727273,6/22/2010,4.5,2,5.84
10/1/2008,2008,6.223913043,6/29/2006,4.5,2,5.9
10/1/2008,2009,4.896521739,6/26/2007,4.5,2,4.31
10/1/2008,2010,4.5,7/1/2008,4.5,2,5.91
10/1/2008,2011,4.5,6/30/2009,4.5,2,6.5
10/1/2008,2012,4.5,6/22/2010,4.5,2,5.84
11/1/2008,2008,6.369,6/29/2006,4.5,2,5.9
11/1/2008,2009,5.1925,6/26/2007,4.5,2,4.31
11/1/2008,2010,4.5,7/1/2008,4.5,2,5.91
11/1/2008,2011,4.5,6/30/2009,4.5,2,6.5
11/1/2008,2012,4.5,6/22/2010,4.5,2,5.84
12/1/2008,2008,6.140909091,6/29/2006,4.5,2,5.9
12/1/2008,2009,5.13,6/26/2007,4.5,2,4.31
12/1/2008,2010,4.5,7/1/2008,4.5,2,5.91
12/1/2008,2011,4.5,6/30/2009,4.5,2,6.5
12/1/2008,2012,4.5,6/22/2010,4.5,2,5.84
1/1/2009,2008,5.994,6/29/2006,4.5,2,5.9
1/1/2009,2009,4.808095238,6/26/2007,4.5,2,4.31
1/1/2009,2010,4.5,7/1/2008,4.5,2,5.91
1/1/2009,2011,4.5,6/30/2009,4.5,2,6.5
1/1/2009,2012,4.5,6/22/2010,4.5,2,5.84
1/1/2009,2013,4.484375,6/30/2011,4.5,2,5.91
2/1/2009,2009,4.673888889,6/26/2007,4.5,2,4.31
2/1/2009,2010,4.5,7/1/2008,4.5,2,5.91
2/1/2009,2011,4.5,6/30/2009,4.5,2,6.5
2/1/2009,2012,4.5,6/22/2010,4.5,2,5.84
2/1/2009,2013,4.5,6/30/2011,4.5,2,5.91
3/1/2009,2009,4.471818182,6/26/2007,4.5,2,4.31
3/1/2009,2010,4.5,7/1/2008,4.5,2,5.91
3/1/2009,2011,4.5,6/30/2009,4.5,2,6.5
3/1/2009,2012,4.5,6/22/2010,4.5,2,5.84
3/1/2009,2013,4.5,6/30/2011,4.5,2,5.91
4/1/2009,2009,4.2755,6/26/2007,4.5,2,4.31
4/1/2009,2010,4.394,7/1/2008,4.5,2,5.91
4/1/2009,2011,4.5,6/30/2009,4.5,2,6.5
4/1/2009,2012,4.5,6/22/2010,4.5,2,5.84
4/1/2009,2013,4.5,6/30/2011,4.5,2,5.91
5/1/2009,2009,4.3265,6/26/2007,4.5,2,4.31
5/1/2009,2010,4.324,7/1/2008,4.5,2,5.91
5/1/2009,2011,4.5,6/30/2009,4.5,2,6.5
5/1/2009,2012,4.5,6/22/2010,4.5,2,5.84
5/1/2009,2013,4.5,6/30/2011,4.5,2,5.91
6/1/2009,2009,4.376666667,6/26/2007,4.5,2,4.31
6/1/2009,2010,4.303809524,7/1/2008,4.5,2,5.91
6/1/2009,2011,4.5,6/30/2009,4.5,2,6.5
6/1/2009,2012,4.5,6/22/2010,4.5,2,5.84
6/1/2009,2013,4.5,6/30/2011,4.5,2,5.91
7/1/2009,2009,4.498695652,6/26/2007,4.5,2,4.31
7/1/2009,2010,4.39173913,7/1/2008,4.5,2,5.91
7/1/2009,2011,4.5,6/30/2009,4.5,2,6.5
7/1/2009,2012,4.5,6/22/2010,4.5,2,5.84
7/1/2009,2013,4.5,6/30/2011,4.5,2,5.91
8/1/2009,2009,4.367619048,6/26/2007,4.5,2,4.31
8/1/2009,2010,4.31047619,7/1/2008,4.5,2,5.91
8/1/2009,2011,4.5,6/30/2009,4.5,2,6.5
8/1/2009,2012,4.5,6/22/2010,4.5,2,5.84
8/1/2009,2013,4.5,6/30/2011,4.5,2,5.91
9/1/2009,2009,4.300952381,6/26/2007,4.5,2,4.31
9/1/2009,2010,4.347142857,7/1/2008,4.5,2,5.91
9/1/2009,2011,4.5,6/30/2009,4.5,2,6.5
9/1/2009,2012,4.5,6/22/2010,4.5,2,5.84
9/1/2009,2013,4.5,6/30/2011,4.5,2,5.91
10/1/2009,2009,4.296190476,6/26/2007,4.5,2,4.31
10/1/2009,2010,4.435238095,7/1/2008,4.5,2,5.91
10/1/2009,2011,4.5,6/30/2009,4.5,2,6.5
10/1/2009,2012,4.5,6/22/2010,4.5,2,5.84
10/1/2009,2013,4.5,6/30/2011,4.5,2,5.91
11/1/2009,2009,4.2595,6/26/2007,4.5,2,4.31
11/1/2009,2010,4.442,7/1/2008,4.5,2,5.91
11/1/2009,2011,4.5,6/30/2009,4.5,2,6.5
11/1/2009,2012,4.5,6/22/2010,4.5,2,5.84
11/1/2009,2013,4.5,6/30/2011,4.5,2,5.91
12/1/2009,2009,4.284090909,6/26/2007,4.5,2,4.31
12/1/2009,2010,4.49,7/1/2008,4.5,2,5.91
12/1/2009,2011,4.5,6/30/2009,4.5,2,6.5
12/1/2009,2012,4.5,6/22/2010,4.5,2,5.84
12/1/2009,2013,4.5,6/30/2011,4.5,2,5.91
1/1/2010,2009,4.29,6/26/2007,4.5,2,4.31
1/1/2010,2010,4.5385,7/1/2008,4.5,2,5.91
1/1/2010,2011,4.5,6/30/2009,4.5,2,6.5
1/1/2010,2012,4.5,6/22/2010,4.5,2,5.84
1/1/2010,2013,4.5,6/30/2011,4.5,2,5.91
1/1/2010,2014,4.5,6/28/2012,4.5,2,6.41
2/1/2010,2010,4.796111111,7/1/2008,4.5,2,5.91
2/1/2010,2011,4.504444444,6/30/2009,4.5,2,6.5
2/1/2010,2012,4.5,6/22/2010,4.5,2,5.84
2/1/2010,2013,4.5,6/30/2011,4.5,2,5.91
2/1/2010,2014,4.5,6/28/2012,4.5,2,6.41
3/1/2010,2010,5.06,7/1/2008,4.5,2,5.91
3/1/2010,2011,4.625652174,6/30/2009,4.5,2,6.5
3/1/2010,2012,4.5,6/22/2010,4.5,2,5.84
3/1/2010,2013,4.5,6/30/2011,4.5,2,5.91
3/1/2010,2014,4.5,6/28/2012,4.5,2,6.41
4/1/2010,2010,5.33,7/1/2008,4.5,2,5.91
4/1/2010,2011,4.787,6/30/2009,4.5,2,6.5
4/1/2010,2012,4.5,6/22/2010,4.5,2,5.84
4/1/2010,2013,4.5,6/30/2011,4.5,2,5.91
4/1/2010,2014,4.5,6/28/2012,4.5,2,6.41
5/1/2010,2010,5.573333333,7/1/2008,4.5,2,5.91
5/1/2010,2011,4.8,6/30/2009,4.5,2,6.5
5/1/2010,2012,4.5,6/22/2010,4.5,2,5.84
5/1/2010,2013,4.5,6/30/2011,4.5,2,5.91
5/1/2010,2014,4.5,6/28/2012,4.5,2,6.41
6/1/2010,2010,5.60047619,7/1/2008,4.5,2,5.91
6/1/2010,2011,4.8,6/30/2009,4.5,2,6.5
6/1/2010,2012,4.5,6/22/2010,4.5,2,5.84
6/1/2010,2013,4.5,6/30/2011,4.5,2,5.91
6/1/2010,2014,4.5,6/28/2012,4.5,2,6.41
7/1/2010,2010,5.42,7/1/2008,4.5,2,5.91
7/1/2010,2011,4.798636364,6/30/2009,4.5,2,6.5
7/1/2010,2012,4.5,6/22/2010,4.5,2,5.84
7/1/2010,2013,4.5,6/30/2011,4.5,2,5.91
7/1/2010,2014,4.5,6/28/2012,4.5,2,6.41
8/1/2010,2010,5.158181818,7/1/2008,4.5,2,5.91
8/1/2010,2011,4.821818182,6/30/2009,4.5,2,6.5
8/1/2010,2012,4.5,6/22/2010,4.5,2,5.84
8/1/2010,2013,4.5,6/30/2011,4.5,2,5.91
8/1/2010,2014,4.5,6/28/2012,4.5,2,6.41
9/1/2010,2010,5.031428571,7/1/2008,4.5,2,5.91
9/1/2010,2011,4.913809524,6/30/2009,4.5,2,6.5
9/1/2010,2012,4.5,6/22/2010,4.5,2,5.84
9/1/2010,2013,4.5,6/30/2011,4.5,2,5.91
9/1/2010,2014,4.5,6/28/2012,4.5,2,6.41
10/1/2010,2010,5.198,7/1/2008,4.5,2,5.91
10/1/2010,2011,4.9705,6/30/2009,4.5,2,6.5
10/1/2010,2012,4.5,6/22/2010,4.5,2,5.84
10/1/2010,2013,4.5,6/30/2011,4.5,2,5.91
10/1/2010,2014,4.5,6/28/2012,4.5,2,6.41
11/1/2010,2010,5.522,7/1/2008,4.5,2,5.91
11/1/2010,2011,5.086,6/30/2009,4.5,2,6.5
11/1/2010,2012,4.5,6/22/2010,4.5,2,5.84
11/1/2010,2013,4.5,6/30/2011,4.5,2,5.91
11/1/2010,2014,4.5,6/28/2012,4.5,2,6.41
12/1/2010,2010,5.863478261,7/1/2008,4.5,2,5.91
12/1/2010,2011,5.263478261,6/30/2009,4.5,2,6.5
12/1/2010,2012,4.5,6/22/2010,4.5,2,5.84
12/1/2010,2013,4.5,6/30/2011,4.5,2,5.91
12/1/2010,2014,4.5,6/28/2012,4.5,2,6.41
1/1/2011,2010,5.9,7/1/2008,4.5,2,5.91
1/1/2011,2011,5.460952381,6/30/2009,4.5,2,6.5
1/1/2011,2012,4.544285714,6/22/2010,4.5,2,5.84
1/1/2011,2013,4.5,6/30/2011,4.5,2,5.91
1/1/2011,2014,4.5,6/28/2012,4.5,2,6.41
1/1/2011,2015,4.5,6/28/2013,4.5,2,10.67
2/1/2011,2011,5.743,6/30/2009,4.5,2,6.5
2/1/2011,2012,4.719,6/22/2010,4.5,2,5.84
2/1/2011,2013,4.5,6/30/2011,4.5,2,5.91
2/1/2011,2014,4.5,6/28/2012,4.5,2,6.41
2/1/2011,2015,4.5,6/28/2013,4.5,2,10.67
3/1/2011,2011,5.887619048,6/30/2009,4.5,2,6.5
3/1/2011,2012,4.843809524,6/22/2010,4.5,2,5.84
3/1/2011,2013,4.5,6/30/2011,4.5,2,5.91
3/1/2011,2014,4.5,6/28/2012,4.5,2,6.41
3/1/2011,2015,4.5,6/28/2013,4.5,2,10.67
4/1/2011,2011,6.254210526,6/30/2009,4.5,2,6.5
4/1/2011,2012,5,6/22/2010,4.5,2,5.84
4/1/2011,2013,4.5,6/30/2011,4.5,2,5.91
4/1/2011,2014,4.5,6/28/2012,4.5,2,6.41
4/1/2011,2015,4.5,6/28/2013,4.5,2,10.67
5/1/2011,2011,6.300909091,6/30/2009,4.5,2,6.5
5/1/2011,2012,5.040454545,6/22/2010,4.5,2,5.84
5/1/2011,2013,4.5,6/30/2011,4.5,2,5.91
5/1/2011,2014,4.5,6/28/2012,4.5,2,6.41
5/1/2011,2015,4.5,6/28/2013,4.5,2,10.67
6/1/2011,2011,6.184761905,6/30/2009,4.5,2,6.5
6/1/2011,2012,5.122857143,6/22/2010,4.5,2,5.84
6/1/2011,2013,4.5,6/30/2011,4.5,2,5.91
6/1/2011,2014,4.5,6/28/2012,4.5,2,6.41
6/1/2011,2015,4.5,6/28/2013,4.5,2,10.67
7/1/2011,2011,6.28,6/30/2009,4.5,2,6.5
7/1/2011,2012,5.221904762,6/22/2010,4.5,2,5.84
7/1/2011,2013,4.50047619,6/30/2011,4.5,2,5.91
7/1/2011,2014,4.5,6/28/2012,4.5,2,6.41
7/1/2011,2015,4.5,6/28/2013,4.5,2,10.67
8/1/2011,2011,6.28826087,6/30/2009,4.5,2,6.5
8/1/2011,2012,5.230434783,6/22/2010,4.5,2,5.84
8/1/2011,2013,4.504347826,6/30/2011,4.5,2,5.91
8/1/2011,2014,4.5,6/28/2012,4.5,2,6.41
8/1/2011,2015,4.5,6/28/2013,4.5,2,10.67
9/1/2011,2011,6.468571429,6/30/2009,4.5,2,6.5
9/1/2011,2012,5.455238095,6/22/2010,4.5,2,5.84
9/1/2011,2013,4.762857143,6/30/2011,4.5,2,5.91
9/1/2011,2014,4.5,6/28/2012,4.5,2,6.41
9/1/2011,2015,4.5,6/28/2013,4.5,2,10.67
10/1/2011,2011,6.51,6/30/2009,4.5,2,6.5
10/1/2011,2012,5.5865,6/22/2010,4.5,2,5.84
10/1/2011,2013,4.881,6/30/2011,4.5,2,5.91
10/1/2011,2014,4.5,6/28/2012,4.5,2,6.41
10/1/2011,2015,4.5,6/28/2013,4.5,2,10.67
11/1/2011,2011,6.491,6/30/2009,4.5,2,6.5
11/1/2011,2012,5.5595,6/22/2010,4.5,2,5.84
11/1/2011,2013,4.9805,6/30/2011,4.5,2,5.91
11/1/2011,2014,4.545,6/28/2012,4.5,2,6.41
11/1/2011,2015,4.5,6/28/2013,4.5,2,10.67
12/1/2011,2011,6.520909091,6/30/2009,4.5,2,6.5
12/1/2011,2012,5.387272727,6/22/2010,4.5,2,5.84
12/1/2011,2013,5,6/30/2011,4.5,2,5.91
12/1/2011,2014,4.566818182,6/28/2012,4.5,2,6.41
12/1/2011,2015,4.5,6/28/2013,4.5,2,10.67
1/1/2012,2011,6.55,6/30/2009,4.5,2,6.5
1/1/2012,2012,5.296818182,6/22/2010,4.5,2,5.84
1/1/2012,2013,5,6/30/2011,4.5,2,5.91
1/1/2012,2014,4.597272727,6/28/2012,4.5,2,6.41
1/1/2012,2015,4.5,6/28/2013,4.5,2,10.67
1/1/2012,2016,4.465,6/25/2014,4.5,2,6.29
2/1/2012,2012,5.266842105,6/22/2010,4.5,2,5.84
2/1/2012,2013,5.038421053,6/30/2011,4.5,2,5.91
2/1/2012,2014,4.871578947,6/28/2012,4.5,2,6.41
2/1/2012,2015,4.542105263,6/28/2013,4.5,2,10.67
2/1/2012,2016,4.5,6/25/2014,4.5,2,6.29
3/1/2012,2012,5.270454545,6/22/2010,4.5,2,5.84
3/1/2012,2013,5.431818182,6/30/2011,4.5,2,5.91
3/1/2012,2014,4.995909091,6/28/2012,4.5,2,6.41
3/1/2012,2015,4.853636364,6/28/2013,4.5,2,10.67
3/1/2012,2016,4.661363636,6/25/2014,4.5,2,6.29
4/1/2012,2012,5.115,6/22/2010,4.5,2,5.84
4/1/2012,2013,5.5085,6/30/2011,4.5,2,5.91
4/1/2012,2014,5,6/28/2012,4.5,2,6.41
4/1/2012,2015,5,6/28/2013,4.5,2,10.67
4/1/2012,2016,4.81,6/25/2014,4.5,2,6.29
5/1/2012,2012,5.176818182,6/22/2010,4.5,2,5.84
5/1/2012,2013,5.585909091,6/30/2011,4.5,2,5.91
5/1/2012,2014,5.062272727,6/28/2012,4.5,2,6.41
5/1/2012,2015,5,6/28/2013,4.5,2,10.67
5/1/2012,2016,4.870454545,6/25/2014,4.5,2,6.29
6/1/2012,2012,5.004,6/22/2010,4.5,2,5.84
6/1/2012,2013,5.551,6/30/2011,4.5,2,5.91
6/1/2012,2014,5.1035,6/28/2012,4.5,2,6.41
6/1/2012,2015,5,6/28/2013,4.5,2,10.67
6/1/2012,2016,4.9225,6/25/2014,4.5,2,6.29
7/1/2012,2012,4.92,6/22/2010,4.5,2,5.84
7/1/2012,2013,5.5,6/30/2011,4.5,2,5.91
7/1/2012,2014,5.103636364,6/28/2012,4.5,2,6.41
7/1/2012,2015,5,6/28/2013,4.5,2,10.67
7/1/2012,2016,4.818181818,6/25/2014,4.5,2,6.29
8/1/2012,2012,5.121304348,6/22/2010,4.5,2,5.84
8/1/2012,2013,5.503043478,6/30/2011,4.5,2,5.91
8/1/2012,2014,5.119565217,6/28/2012,4.5,2,6.41
8/1/2012,2015,5,6/28/2013,4.5,2,10.67
8/1/2012,2016,4.845652174,6/25/2014,4.5,2,6.29
9/1/2012,2012,5.293684211,6/22/2010,4.5,2,5.84
9/1/2012,2013,5.505263158,6/30/2011,4.5,2,5.91
9/1/2012,2014,5.173684211,6/28/2012,4.5,2,6.41
9/1/2012,2015,5,6/28/2013,4.5,2,10.67
9/1/2012,2016,4.831578947,6/25/2014,4.5,2,6.29
10/1/2012,2012,5.424090909,6/22/2010,4.5,2,5.84
10/1/2012,2013,5.421363636,6/30/2011,4.5,2,5.91
10/1/2012,2014,5.324545455,6/28/2012,4.5,2,6.41
10/1/2012,2015,5,6/28/2013,4.5,2,10.67
10/1/2012,2016,4.995454545,6/25/2014,4.5,2,6.29
11/1/2012,2012,5.44,6/22/2010,4.5,2,5.84
11/1/2012,2013,5.3935,6/30/2011,4.5,2,5.91
11/1/2012,2014,5.468,6/28/2012,4.5,2,6.41
11/1/2012,2015,5,6/28/2013,4.5,2,10.67
11/1/2012,2016,5,6/25/2014,4.5,2,6.29
12/1/2012,2012,5.6095,6/22/2010,4.5,2,5.84
12/1/2012,2013,5.432,6/30/2011,4.5,2,5.91
12/1/2012,2014,5.5,6/28/2012,4.5,2,6.41
12/1/2012,2015,5,6/28/2013,4.5,2,10.67
12/1/2012,2016,5,6/25/2014,4.5,2,6.29
1/1/2013,2012,5.733333333,6/22/2010,4.5,2,5.84
1/1/2013,2013,5.594090909,6/30/2011,4.5,2,5.91
1/1/2013,2014,5.5,6/28/2012,4.5,2,6.41
1/1/2013,2015,5.075,6/28/2013,4.5,2,10.67
1/1/2013,2016,5,6/25/2014,4.5,2,6.29
1/1/2013,2017,4.906875,6/25/2015,4.5,1.5,2.95
2/1/2013,2013,5.695555556,6/30/2011,4.5,2,5.91
2/1/2013,2014,5.5,6/28/2012,4.5,2,6.41
2/1/2013,2015,5.202222222,6/28/2013,4.5,2,10.67
2/1/2013,2016,5,6/25/2014,4.5,2,6.29
2/1/2013,2017,5,6/25/2015,4.5,1.5,2.95
3/1/2013,2013,5.7275,6/30/2011,4.5,2,5.91
3/1/2013,2014,5.5555,6/28/2012,4.5,2,6.41
3/1/2013,2015,5.2545,6/28/2013,4.5,2,10.67
3/1/2013,2016,5,6/25/2014,4.5,2,6.29
3/1/2013,2017,5.0075,6/25/2015,4.5,1.5,2.95
4/1/2013,2013,5.699545455,6/30/2011,4.5,2,5.91
4/1/2013,2014,5.716818182,6/28/2012,4.5,2,6.41
4/1/2013,2015,5.399545455,6/28/2013,4.5,2,10.67
4/1/2013,2016,5.006818182,6/25/2014,4.5,2,6.29
4/1/2013,2017,5.075909091,6/25/2015,4.5,1.5,2.95
5/1/2013,2013,5.787142857,6/30/2011,4.5,2,5.91
5/1/2013,2014,5.791428571,6/28/2012,4.5,2,6.41
5/1/2013,2015,5.46952381,6/28/2013,4.5,2,10.67
5/1/2013,2016,5.17952381,6/25/2014,4.5,2,6.29
5/1/2013,2017,5.15047619,6/25/2015,4.5,1.5,2.95
6/1/2013,2013,5.835,6/30/2011,4.5,2,5.91
6/1/2013,2014,5.8185,6/28/2012,4.5,2,6.41
6/1/2013,2015,5.5,6/28/2013,4.5,2,10.67
6/1/2013,2016,5.2,6/25/2014,4.5,2,6.29
6/1/2013,2017,5.2825,6/25/2015,4.5,1.5,2.95
7/1/2013,2013,5.787826087,6/30/2011,4.5,2,5.91
7/1/2013,2014,5.877826087,6/28/2012,4.5,2,6.41
7/1/2013,2015,5.5,6/28/2013,4.5,2,10.67
7/1/2013,2016,5.299130435,6/25/2014,4.5,2,6.29
7/1/2013,2017,5.42826087,6/25/2015,4.5,1.5,2.95
8/1/2013,2013,5.768636364,6/30/2011,4.5,2,5.91
8/1/2013,2014,5.831818182,6/28/2012,4.5,2,6.41
8/1/2013,2015,5.5,6/28/2013,4.5,2,10.67
8/1/2013,2016,5.4,6/25/2014,4.5,2,6.29
8/1/2013,2017,5.479545455,6/25/2015,4.5,1.5,2.95
9/1/2013,2013,5.821904762,6/30/2011,4.5,2,5.91
9/1/2013,2014,5.921428571,6/28/2012,4.5,2,6.41
9/1/2013,2015,5.5,6/28/2013,4.5,2,10.67
9/1/2013,2016,5.333333333,6/25/2014,4.5,2,6.29
9/1/2013,2017,5.452380952,6/25/2015,4.5,1.5,2.95
10/1/2013,2013,5.824782609,6/30/2011,4.5,2,5.91
10/1/2013,2014,5.944347826,6/28/2012,4.5,2,6.41
10/1/2013,2015,5.5,6/28/2013,4.5,2,10.67
10/1/2013,2016,5.482608696,6/25/2014,4.5,2,6.29
10/1/2013,2017,5.430434783,6/25/2015,4.5,1.5,2.95
11/1/2013,2013,5.831,6/30/2011,4.5,2,5.91
11/1/2013,2014,5.9235,6/28/2012,4.5,2,6.41
11/1/2013,2015,5.5,6/28/2013,4.5,2,10.67
11/1/2013,2016,5.5,6/25/2014,4.5,2,6.29
11/1/2013,2017,5.3625,6/25/2015,4.5,1.5,2.95
12/1/2013,2013,5.731428571,6/30/2011,4.5,2,5.91
12/1/2013,2014,5.951428571,6/28/2012,4.5,2,6.41
12/1/2013,2015,5.5,6/28/2013,4.5,2,10.67
12/1/2013,2016,5.461904762,6/25/2014,4.5,2,6.29
12/1/2013,2017,5.380952381,6/25/2015,4.5,1.5,2.95
1/1/2014,2013,5.745,6/30/2011,4.5,2,5.91
1/1/2014,2014,6.002727273,6/28/2012,4.5,2,6.41
1/1/2014,2015,5.605909091,6/28/2013,4.5,2,10.67
1/1/2014,2016,5.5,6/25/2014,4.5,2,6.29
1/1/2014,2017,5.409090909,6/25/2015,4.5,1.5,2.95
1/1/2014,2018,5.25125,6/30/2016,4.5,1.5,3.75
2/1/2014,2014,5.9665,6/28/2012,4.5,2,6.41
2/1/2014,2015,5.7,6/28/2013,4.5,2,10.67
2/1/2014,2016,5.5,6/25/2014,4.5,2,6.29
2/1/2014,2017,5.39,6/25/2015,4.5,1.5,2.95
2/1/2014,2018,5.248,6/30/2016,4.5,1.5,3.75
3/1/2014,2014,6.171052632,6/28/2012,4.5,2,6.41
3/1/2014,2015,5.749473684,6/28/2013,4.5,2,10.67
3/1/2014,2016,5.5,6/25/2014,4.5,2,6.29
3/1/2014,2017,5.298421053,6/25/2015,4.5,1.5,2.95
3/1/2014,2018,5.168421053,6/30/2016,4.5,1.5,3.75
4/1/2014,2014,6.4435,6/28/2012,4.5,2,6.41
4/1/2014,2015,5.939,6/28/2013,4.5,2,10.67
4/1/2014,2016,5.5,6/25/2014,4.5,2,6.29
4/1/2014,2017,5.37,6/25/2015,4.5,1.5,2.95
4/1/2014,2018,5.176,6/30/2016,4.5,1.5,3.75
5/1/2014,2014,6.462380952,6/28/2012,4.5,2,6.41
5/1/2014,2015,6.000952381,6/28/2013,4.5,2,10.67
5/1/2014,2016,5.5,6/25/2014,4.5,2,6.29
5/1/2014,2017,5.435714286,6/25/2015,4.5,1.5,2.95
5/1/2014,2018,5.115238095,6/30/2016,4.5,1.5,3.75
6/1/2014,2014,6.4565,6/28/2012,4.5,2,6.41
6/1/2014,2015,6.068,6/28/2013,4.5,2,10.67
6/1/2014,2016,5.5,6/25/2014,4.5,2,6.29
6/1/2014,2017,5.5,6/25/2015,4.5,1.5,2.95
6/1/2014,2018,5.1985,6/30/2016,4.5,1.5,3.75
7/1/2014,2014,6.44173913,6/28/2012,4.5,2,6.41
7/1/2014,2015,6.144347826,6/28/2013,4.5,2,10.67
7/1/2014,2016,5.5,6/25/2014,4.5,2,6.29
7/1/2014,2017,5.5,6/25/2015,4.5,1.5,2.95
7/1/2014,2018,5.279565217,6/30/2016,4.5,1.5,3.75
8/1/2014,2014,6.292857143,6/28/2012,4.5,2,6.41
8/1/2014,2015,6.265714286,6/28/2013,4.5,2,10.67
8/1/2014,2016,5.5,6/25/2014,4.5,2,6.29
8/1/2014,2017,5.5,6/25/2015,4.5,1.5,2.95
8/1/2014,2018,5.26047619,6/30/2016,4.5,1.5,3.75
9/1/2014,2014,6.295454545,6/28/2012,4.5,2,6.41
9/1/2014,2015,6.290909091,6/28/2013,4.5,2,10.67
9/1/2014,2016,5.5,6/25/2014,4.5,2,6.29
9/1/2014,2017,5.5,6/25/2015,4.5,1.5,2.95
9/1/2014,2018,5.126363636,6/30/2016,4.5,1.5,3.75
10/1/2014,2014,6.42,6/28/2012,4.5,2,6.41
10/1/2014,2015,6.304782609,6/28/2013,4.5,2,10.67
10/1/2014,2016,5.501304348,6/25/2014,4.5,2,6.29
10/1/2014,2017,5.5,6/25/2015,4.5,1.5,2.95
10/1/2014,2018,5.043478261,6/30/2016,4.5,1.5,3.75
11/1/2014,2014,6.4235,6/28/2012,4.5,2,6.41
11/1/2014,2015,6.4185,6/28/2013,4.5,2,10.67
11/1/2014,2016,5.638,6/25/2014,4.5,2,6.29
11/1/2014,2017,5.5,6/25/2015,4.5,1.5,2.95
11/1/2014,2018,5.4395,6/30/2016,4.5,1.5,3.75
12/1/2014,2014,6.390909091,6/28/2012,4.5,2,6.41
12/1/2014,2015,6.52,6/28/2013,4.5,2,10.67
12/1/2014,2016,5.704545455,6/25/2014,4.5,2,6.29
12/1/2014,2017,5.5,6/25/2015,4.5,1.5,2.95
12/1/2014,2018,5.5,6/30/2016,4.5,1.5,3.75
1/1/2015,2014,6.39,6/28/2012,4.5,2,6.41
1/1/2015,2015,6.754285714,6/28/2013,4.5,2,10.67
1/1/2015,2016,5.652380952,6/25/2014,4.5,2,6.29
1/1/2015,2017,5.495714286,6/25/2015,4.5,1.5,2.95
1/1/2015,2018,5.264761905,6/30/2016,4.5,1.5,3.75
1/1/2015,2019,4.99125,6/29/2017,4.25,1.5,4.31
2/1/2015,2015,7.255555556,6/28/2013,4.5,2,10.67
2/1/2015,2016,5.572222222,6/25/2014,4.5,2,6.29
2/1/2015,2017,5.262777778,6/25/2015,4.5,1.5,2.95
2/1/2015,2018,5,6/30/2016,4.5,1.5,3.75
2/1/2015,2019,4.866666667,6/29/2017,4.25,1.5,4.31
3/1/2015,2015,7.926818182,6/28/2013,4.5,2,10.67
3/1/2015,2016,5.564090909,6/25/2014,4.5,2,6.29
3/1/2015,2017,5.118181818,6/25/2015,4.5,1.5,2.95
3/1/2015,2018,5,6/30/2016,4.5,1.5,3.75
3/1/2015,2019,4.788636364,6/29/2017,4.25,1.5,4.31
4/1/2015,2015,8.204,6/28/2013,4.5,2,10.67
4/1/2015,2016,5.6,6/25/2014,4.5,2,6.29
4/1/2015,2017,5,6/25/2015,4.5,1.5,2.95
4/1/2015,2018,5,6/30/2016,4.5,1.5,3.75
4/1/2015,2019,4.7525,6/29/2017,4.25,1.5,4.31
5/1/2015,2015,8.3235,6/28/2013,4.5,2,10.67
5/1/2015,2016,5.518,6/25/2014,4.5,2,6.29
5/1/2015,2017,4.995,6/25/2015,4.5,1.5,2.95
5/1/2015,2018,4.85,6/30/2016,4.5,1.5,3.75
5/1/2015,2019,4.586,6/29/2017,4.25,1.5,4.31
6/1/2015,2015,8.765714286,6/28/2013,4.5,2,10.67
6/1/2015,2016,5.5,6/25/2014,4.5,2,6.29
6/1/2015,2017,4.78952381,6/25/2015,4.5,1.5,2.95
6/1/2015,2018,4.580952381,6/30/2016,4.5,1.5,3.75
6/1/2015,2019,4.5,6/29/2017,4.25,1.5,4.31
7/1/2015,2015,9.15173913,6/28/2013,4.5,2,10.67
7/1/2015,2016,5.426956522,6/25/2014,4.5,2,6.29
7/1/2015,2017,4.683043478,6/25/2015,4.5,1.5,2.95
7/1/2015,2018,4.5,6/30/2016,4.5,1.5,3.75
7/1/2015,2019,4.5,6/29/2017,4.25,1.5,4.31
8/1/2015,2015,9.298571429,6/28/2013,4.5,2,10.67
8/1/2015,2016,5.468095238,6/25/2014,4.5,2,6.29
8/1/2015,2017,4.600952381,6/25/2015,4.5,1.5,2.95
8/1/2015,2018,4.5,6/30/2016,4.5,1.5,3.75
8/1/2015,2019,4.5,6/29/2017,4.25,1.5,4.31
9/1/2015,2015,9.361428571,6/28/2013,4.5,2,10.67
9/1/2015,2016,5.71047619,6/25/2014,4.5,2,6.29
9/1/2015,2017,4.745238095,6/25/2015,4.5,1.5,2.95
9/1/2015,2018,4.508095238,6/30/2016,4.5,1.5,3.75
9/1/2015,2019,4.5,6/29/2017,4.25,1.5,4.31
10/1/2015,2015,9.74,6/28/2013,4.5,2,10.67
10/1/2015,2016,6.11952381,6/25/2014,4.5,2,6.29
10/1/2015,2017,4.97,6/25/2015,4.5,1.5,2.95
10/1/2015,2018,4.725714286,6/30/2016,4.5,1.5,3.75
10/1/2015,2019,4.5,6/29/2017,4.25,1.5,4.31
11/1/2015,2015,10.156,6/28/2013,4.5,2,10.67
11/1/2015,2016,6.542,6/25/2014,4.5,2,6.29
11/1/2015,2017,5.049,6/25/2015,4.5,1.5,2.95
11/1/2015,2018,4.989,6/30/2016,4.5,1.5,3.75
11/1/2015,2019,4.5,6/29/2017,4.25,1.5,4.31
12/1/2015,2015,10.61227273,6/28/2013,4.5,2,10.67
12/1/2015,2016,6.813181818,6/25/2014,4.5,2,6.29
12/1/2015,2017,5.144090909,6/25/2015,4.5,1.5,2.95
12/1/2015,2018,5,6/30/2016,4.5,1.5,3.75
12/1/2015,2019,4.5,6/29/2017,4.25,1.5,4.31
1/1/2016,2015,10.7275,6/28/2013,4.5,2,10.67
1/1/2016,2016,7.0745,6/25/2014,4.5,2,6.29
1/1/2016,2017,5.457,6/25/2015,4.5,1.5,2.95
1/1/2016,2018,5.0425,6/30/2016,4.5,1.5,3.75
1/1/2016,2019,4.675,6/29/2017,4.25,1.5,4.31
1/1/2016,2020,4.73125,6/29/2017,4,1.5,4.52
2/1/2016,2016,7.530526316,6/25/2014,4.5,2,6.29
2/1/2016,2017,5.980526316,6/25/2015,4.5,1.5,2.95
2/1/2016,2018,5.368947368,6/30/2016,4.5,1.5,3.75
2/1/2016,2019,5,6/29/2017,4.25,1.5,4.31
2/1/2016,2020,5,6/29/2017,4,1.5,4.52
3/1/2016,2016,7.448636364,6/25/2014,4.5,2,6.29
3/1/2016,2017,6,6/25/2015,4.5,1.5,2.95
3/1/2016,2018,5.437727273,6/30/2016,4.5,1.5,3.75
3/1/2016,2019,5,6/29/2017,4.25,1.5,4.31
3/1/2016,2020,5,6/29/2017,4,1.5,4.52
4/1/2016,2016,7.096,6/25/2014,4.5,2,6.29
4/1/2016,2017,5.8855,6/25/2015,4.5,1.5,2.95
4/1/2016,2018,5.319,6/30/2016,4.5,1.5,3.75
4/1/2016,2019,5,6/29/2017,4.25,1.5,4.31
4/1/2016,2020,4.9725,6/29/2017,4,1.5,4.52
5/1/2016,2016,7.006190476,6/25/2014,4.5,2,6.29
5/1/2016,2017,5.551428571,6/25/2015,4.5,1.5,2.95
5/1/2016,2018,5,6/30/2016,4.5,1.5,3.75
5/1/2016,2019,4.795238095,6/29/2017,4.25,1.5,4.31
5/1/2016,2020,4.59047619,6/29/2017,4,1.5,4.52
6/1/2016,2016,7.221363636,6/25/2014,4.5,2,6.29
6/1/2016,2017,5.5,6/25/2015,4.5,1.5,2.95
6/1/2016,2018,4.987727273,6/30/2016,4.5,1.5,3.75
6/1/2016,2019,4.5,6/29/2017,4.25,1.5,4.31
6/1/2016,2020,4.5,6/29/2017,4,1.5,4.52
7/1/2016,2016,7.247142857,6/25/2014,4.5,2,6.29
7/1/2016,2017,5.313333333,6/25/2015,4.5,1.5,2.95
7/1/2016,2018,4.602857143,6/30/2016,4.5,1.5,3.75
7/1/2016,2019,4.5,6/29/2017,4.25,1.5,4.31
7/1/2016,2020,4.5,6/29/2017,4,1.5,4.52
8/1/2016,2016,7.285217391,6/25/2014,4.5,2,6.29
8/1/2016,2017,5.140434783,6/25/2015,4.5,1.5,2.95
8/1/2016,2018,4.5,6/30/2016,4.5,1.5,3.75
8/1/2016,2019,4.5,6/29/2017,4.25,1.5,4.31
8/1/2016,2020,4.5,6/29/2017,4,1.5,4.52
9/1/2016,2016,7.306666667,6/25/2014,4.5,2,6.29
9/1/2016,2017,5.102380952,6/25/2015,4.5,1.5,2.95
9/1/2016,2018,4.5,6/30/2016,4.5,1.5,3.75
9/1/2016,2019,4.5,6/29/2017,4.25,1.5,4.31
9/1/2016,2020,4.5,6/29/2017,4,1.5,4.52
10/1/2016,2016,7.0035,6/25/2014,4.5,2,6.29
10/1/2016,2017,5.026,6/25/2015,4.5,1.5,2.95
10/1/2016,2018,4.5,6/30/2016,4.5,1.5,3.75
10/1/2016,2019,4.5,6/29/2017,4.25,1.5,4.31
10/1/2016,2020,4.5,6/29/2017,4,1.5,4.52
11/1/2016,2016,6.803,6/25/2014,4.5,2,6.29
11/1/2016,2017,4.9375,6/25/2015,4.5,1.5,2.95
11/1/2016,2018,4.5,6/30/2016,4.5,1.5,3.75
11/1/2016,2019,4.5,6/29/2017,4.25,1.5,4.31
11/1/2016,2020,4.5,6/29/2017,4,1.5,4.52
12/1/2016,2016,6.509090909,6/25/2014,4.5,2,6.29
12/1/2016,2017,4.89,6/25/2015,4.5,1.5,2.95
12/1/2016,2018,4.5,6/30/2016,4.5,1.5,3.75
12/1/2016,2019,4.5,6/29/2017,4.25,1.5,4.31
12/1/2016,2020,4.5,6/29/2017,4,1.5,4.52
1/1/2017,2016,6.354285714,6/25/2014,4.5,2,6.29
1/1/2017,2017,4.765909091,6/25/2015,4.5,1.5,2.95
1/1/2017,2018,4.5,6/30/2016,4.5,1.5,3.75
1/1/2017,2019,4.5,6/29/2017,4.25,1.5,4.31
1/1/2017,2020,4.5,6/29/2017,4,1.5,4.52
1/1/2017,2021,4.479333333,6/26/2018,3.75,1.5,NA
2/1/2017,2017,4.492777778,6/25/2015,4.5,1.5,2.95
2/1/2017,2018,4.5,6/30/2016,4.5,1.5,3.75
2/1/2017,2019,4.5,6/29/2017,4.25,1.5,4.31
2/1/2017,2020,4.5,6/29/2017,4,1.5,4.52
2/1/2017,2021,4.337777778,6/26/2018,3.75,1.5,NA
3/1/2017,2017,4.202608696,6/25/2015,4.5,1.5,2.95
3/1/2017,2018,4.5,6/30/2016,4.5,1.5,3.75
3/1/2017,2019,4.428695652,6/29/2017,4.25,1.5,4.31
3/1/2017,2020,4.406521739,6/29/2017,4,1.5,4.52
3/1/2017,2021,4.25,6/26/2018,3.75,1.5,NA
4/1/2017,2017,4.060555556,6/25/2015,4.5,1.5,2.95
4/1/2017,2018,4.386111111,6/30/2016,4.5,1.5,3.75
4/1/2017,2019,4.25,6/29/2017,4.25,1.5,4.31
4/1/2017,2020,4.25,6/29/2017,4,1.5,4.52
4/1/2017,2021,4.152777778,6/26/2018,3.75,1.5,NA
5/1/2017,2017,3.951363636,6/25/2015,4.5,1.5,2.95
5/1/2017,2018,4.378181818,6/30/2016,4.5,1.5,3.75
5/1/2017,2019,4.25,6/29/2017,4.25,1.5,4.31
5/1/2017,2020,4.25,6/29/2017,4,1.5,4.52
5/1/2017,2021,4.090909091,6/26/2018,3.75,1.5,NA
6/1/2017,2017,3.660952381,6/25/2015,4.5,1.5,2.95
6/1/2017,2018,4.335238095,6/30/2016,4.5,1.5,3.75
6/1/2017,2019,4.25,6/29/2017,4.25,1.5,4.31
6/1/2017,2020,4.238095238,6/29/2017,4,1.5,4.52
6/1/2017,2021,4.226190476,6/26/2018,3.75,1.5,NA
7/1/2017,2017,3.352380952,6/25/2015,4.5,1.5,2.95
7/1/2017,2018,4.212380952,6/30/2016,4.5,1.5,3.75
7/1/2017,2019,4.25,6/29/2017,4.25,1.5,4.31
7/1/2017,2020,4,6/29/2017,4,1.5,4.52
7/1/2017,2021,4,6/26/2018,3.75,1.5,NA
8/1/2017,2017,3.470434783,6/25/2015,4.5,1.5,2.95
8/1/2017,2018,4.198695652,6/30/2016,4.5,1.5,3.75
8/1/2017,2019,4.25,6/29/2017,4.25,1.5,4.31
8/1/2017,2020,4,6/29/2017,4,1.5,4.52
8/1/2017,2021,4,6/26/2018,3.75,1.5,NA
9/1/2017,2017,3.0835,6/25/2015,4.5,1.5,2.95
9/1/2017,2018,4.1185,6/30/2016,4.5,1.5,3.75
9/1/2017,2019,4.25,6/29/2017,4.25,1.5,4.31
9/1/2017,2020,4,6/29/2017,4,1.5,4.52
9/1/2017,2021,4,6/26/2018,3.75,1.5,NA
10/1/2017,2017,3.022857143,6/25/2015,4.5,1.5,2.95
10/1/2017,2018,4.026190476,6/30/2016,4.5,1.5,3.75
10/1/2017,2019,4.25,6/29/2017,4.25,1.5,4.31
10/1/2017,2020,4,6/29/2017,4,1.5,4.52
10/1/2017,2021,4,6/26/2018,3.75,1.5,NA
11/1/2017,2017,3.08,6/25/2015,4.5,1.5,2.95
11/1/2017,2018,4.026,6/30/2016,4.5,1.5,3.75
11/1/2017,2019,4.25,6/29/2017,4.25,1.5,4.31
11/1/2017,2020,4,6/29/2017,4,1.5,4.52
11/1/2017,2021,4,6/26/2018,3.75,1.5,NA
12/1/2017,2017,2.8655,6/25/2015,4.5,1.5,2.95
12/1/2017,2018,3.993,6/30/2016,4.5,1.5,3.75
12/1/2017,2019,4.25,6/29/2017,4.25,1.5,4.31
12/1/2017,2020,4,6/29/2017,4,1.5,4.52
12/1/2017,2021,4,6/26/2018,3.75,1.5,NA
1/1/2018,2017,2.79,6/25/2015,4.5,1.5,2.95
1/1/2018,2018,3.949545455,6/30/2016,4.5,1.5,3.75
1/1/2018,2019,4.25,6/29/2017,4.25,1.5,4.31
1/1/2018,2020,4,6/29/2017,4,1.5,4.52
1/1/2018,2021,4,6/26/2018,3.75,1.5,NA
1/1/2018,2022,4.003125,6/27/2019,3.5,1.5,NA
2/1/2018,2018,3.828888889,6/30/2016,4.5,1.5,3.75
2/1/2018,2019,4.25,6/29/2017,4.25,1.5,4.31
2/1/2018,2020,4,6/29/2017,4,1.5,4.52
2/1/2018,2021,4,6/26/2018,3.75,1.5,NA
2/1/2018,2022,4,6/27/2019,3.5,1.5,NA
3/1/2018,2018,3.633809524,6/30/2016,4.5,1.5,3.75
3/1/2018,2019,4.179047619,6/29/2017,4.25,1.5,4.31
3/1/2018,2020,4,6/29/2017,4,1.5,4.52
3/1/2018,2021,4,6/26/2018,3.75,1.5,NA
3/1/2018,2022,4,6/27/2019,3.5,1.5,NA
4/1/2018,2018,3.498095238,6/30/2016,4.5,1.5,3.75
4/1/2018,2019,4.050952381,6/29/2017,4.25,1.5,4.31
4/1/2018,2020,4,6/29/2017,4,1.5,4.52
4/1/2018,2021,4,6/26/2018,3.75,1.5,NA
4/1/2018,2022,4,6/27/2019,3.5,1.5,NA
5/1/2018,2018,3.524285714,6/30/2016,4.5,1.5,3.75
5/1/2018,2019,4.010952381,6/29/2017,4.25,1.5,4.31
5/1/2018,2020,4,6/29/2017,4,1.5,4.52
5/1/2018,2021,4,6/26/2018,3.75,1.5,NA
5/1/2018,2022,4,6/27/2019,3.5,1.5,NA
6/1/2018,2018,3.869047619,6/30/2016,4.5,1.5,3.75
6/1/2018,2019,4.079047619,6/29/2017,4.25,1.5,4.31
6/1/2018,2020,4,6/29/2017,4,1.5,4.52
6/1/2018,2021,4,6/26/2018,3.75,1.5,NA
6/1/2018,2022,4,6/27/2019,3.5,1.5,NA
7/1/2018,2018,4.115454545,6/30/2016,4.5,1.5,3.75
7/1/2018,2019,4.1,6/29/2017,4.25,1.5,4.31
7/1/2018,2020,4,6/29/2017,4,1.5,4.52
7/1/2018,2021,3.983636364,6/26/2018,3.75,1.5,NA
7/1/2018,2022,3.884090909,6/27/2019,3.5,1.5,NA
8/1/2018,2018,4.144347826,6/30/2016,4.5,1.5,3.75
8/1/2018,2019,4.106521739,6/29/2017,4.25,1.5,4.31
8/1/2018,2020,4,6/29/2017,4,1.5,4.52
8/1/2018,2021,3.933043478,6/26/2018,3.75,1.5,NA
8/1/2018,2022,3.75,6/27/2019,3.5,1.5,NA
9/1/2018,2018,4.178421053,6/30/2016,4.5,1.5,3.75
9/1/2018,2019,4.142631579,6/29/2017,4.25,1.5,4.31
9/1/2018,2020,4,6/29/2017,4,1.5,4.52
9/1/2018,2021,3.909473684,6/26/2018,3.75,1.5,NA
9/1/2018,2022,3.75,6/27/2019,3.5,1.5,NA
10/1/2018,2018,4.405454545,6/30/2016,4.5,1.5,3.75
10/1/2018,2019,4.211818182,6/29/2017,4.25,1.5,4.31
10/1/2018,2020,4,6/29/2017,4,1.5,4.52
10/1/2018,2021,3.92,6/26/2018,3.75,1.5,NA
10/1/2018,2022,3.75,6/27/2019,3.5,1.5,NA
11/1/2018,2018,4.115,6/30/2016,4.5,1.5,3.75
11/1/2018,2019,4.1725,6/29/2017,4.25,1.5,4.31
11/1/2018,2020,4,6/29/2017,4,1.5,4.52
11/1/2018,2021,3.8955,6/26/2018,3.75,1.5,NA
11/1/2018,2022,3.75,6/27/2019,3.5,1.5,NA
12/1/2018,2018,3.7335,6/30/2016,4.5,1.5,3.75
12/1/2018,2019,4.053,6/29/2017,4.25,1.5,4.31
12/1/2018,2020,4,6/29/2017,4,1.5,4.52
12/1/2018,2021,3.7555,6/26/2018,3.75,1.5,NA
12/1/2018,2022,3.75,6/27/2019,3.5,1.5,NA
1/1/2019,2018,3.694285714,6/30/2016,4.5,1.5,3.75
1/1/2019,2019,4.006363636,6/29/2017,4.25,1.5,4.31
1/1/2019,2020,4,6/29/2017,4,1.5,4.52
1/1/2019,2021,3.75,6/26/2018,3.75,1.5,NA
1/1/2019,2022,3.75,6/27/2019,3.5,1.5,NA
1/1/2019,2023,3.75,6/25/2020,3.25,1.5,NA
2/1/2019,2019,3.8755,6/29/2017,4.25,1.5,4.31
2/1/2019,2020,4,6/29/2017,4,1.5,4.52
2/1/2019,2021,3.75,6/26/2018,3.75,1.5,NA
2/1/2019,2022,3.75,6/27/2019,3.5,1.5,NA
2/1/2019,2023,3.75,6/25/2020,3.25,1.5,NA
3/1/2019,2019,3.884736842,6/29/2017,4.25,1.5,4.31
3/1/2019,2020,4,6/29/2017,4,1.5,4.52
3/1/2019,2021,3.75,6/26/2018,3.75,1.5,NA
3/1/2019,2022,3.75,6/27/2019,3.5,1.5,NA
3/1/2019,2023,3.75,6/25/2020,3.25,1.5,NA
4/1/2019,2019,3.986190476,6/29/2017,4.25,1.5,4.31
4/1/2019,2020,4,6/29/2017,4,1.5,4.52
4/1/2019,2021,3.75,6/26/2018,3.75,1.5,NA
4/1/2019,2022,3.75,6/27/2019,3.5,1.5,NA
4/1/2019,2023,3.75,6/25/2020,3.25,1.5,NA
5/1/2019,2019,4.051818182,6/29/2017,4.25,1.5,4.31
5/1/2019,2020,4,6/29/2017,4,1.5,4.52
5/1/2019,2021,3.75,6/26/2018,3.75,1.5,NA
5/1/2019,2022,3.75,6/27/2019,3.5,1.5,NA
5/1/2019,2023,3.75,6/25/2020,3.25,1.5,NA
6/1/2019,2019,3.878421053,6/29/2017,4.25,1.5,4.31
6/1/2019,2020,3.980526316,6/29/2017,4,1.5,4.52
6/1/2019,2021,3.75,6/26/2018,3.75,1.5,NA
6/1/2019,2022,3.75,6/27/2019,3.5,1.5,NA
6/1/2019,2023,3.75,6/25/2020,3.25,1.5,NA
7/1/2019,2019,3.803913043,6/29/2017,4.25,1.5,4.31
7/1/2019,2020,3.90826087,6/29/2017,4,1.5,4.52
7/1/2019,2021,3.75,6/26/2018,3.75,1.5,NA
7/1/2019,2022,3.662173913,6/27/2019,3.5,1.5,NA
7/1/2019,2023,3.600869565,6/25/2020,3.25,1.5,NA
8/1/2019,2019,3.710454545,6/29/2017,4.25,1.5,4.31
8/1/2019,2020,3.885454545,6/29/2017,4,1.5,4.52
8/1/2019,2021,3.75,6/26/2018,3.75,1.5,NA
8/1/2019,2022,3.5,6/27/2019,3.5,1.5,NA
8/1/2019,2023,3.5,6/25/2020,3.25,1.5,NA
9/1/2019,2019,3.487142857,6/29/2017,4.25,1.5,4.31
9/1/2019,2020,3.806190476,6/29/2017,4,1.5,4.52
9/1/2019,2021,3.75,6/26/2018,3.75,1.5,NA
9/1/2019,2022,3.5,6/27/2019,3.5,1.5,NA
9/1/2019,2023,3.5,6/25/2020,3.25,1.5,NA
10/1/2019,2019,3.316956522,6/29/2017,4.25,1.5,4.31
10/1/2019,2020,3.686956522,6/29/2017,4,1.5,4.52
10/1/2019,2021,3.75,6/26/2018,3.75,1.5,NA
10/1/2019,2022,3.5,6/27/2019,3.5,1.5,NA
10/1/2019,2023,3.5,6/25/2020,3.25,1.5,NA
11/1/2019,2019,3.3705,6/29/2017,4.25,1.5,4.31
11/1/2019,2020,3.5965,6/29/2017,4,1.5,4.52
11/1/2019,2021,3.75,6/26/2018,3.75,1.5,NA
11/1/2019,2022,3.5,6/27/2019,3.5,1.5,NA
11/1/2019,2023,3.5,6/25/2020,3.25,1.5,NA
12/1/2019,2019,3.870952381,6/29/2017,4.25,1.5,4.31
12/1/2019,2020,3.602857143,6/29/2017,4,1.5,4.52
12/1/2019,2021,3.75,6/26/2018,3.75,1.5,NA
12/1/2019,2022,3.5,6/27/2019,3.5,1.5,NA
12/1/2019,2023,3.5,6/25/2020,3.25,1.5,NA
1/1/2020,2019,4.148333333,6/29/2017,4.25,1.5,4.31
1/1/2020,2020,3.543181818,6/29/2017,4,1.5,4.52
1/1/2020,2021,3.75,6/26/2018,3.75,1.5,NA
1/1/2020,2022,3.5,6/27/2019,3.5,1.5,NA
1/1/2020,2023,3.5,6/25/2020,3.25,1.5,NA
1/1/2020,2024,3.499375,6/24/2021,3,1.5,NA
2/1/2020,2020,3.261666667,6/29/2017,4,1.5,4.52
2/1/2020,2021,3.75,6/26/2018,3.75,1.5,NA
2/1/2020,2022,3.5,6/27/2019,3.5,1.5,NA
2/1/2020,2023,3.5,6/25/2020,3.25,1.5,NA
2/1/2020,2024,3.5,6/24/2021,3,1.5,NA
3/1/2020,2020,3.087727273,6/29/2017,4,1.5,4.52
3/1/2020,2021,3.658181818,6/26/2018,3.75,1.5,NA
3/1/2020,2022,3.5,6/27/2019,3.5,1.5,NA
3/1/2020,2023,3.5,6/25/2020,3.25,1.5,NA
3/1/2020,2024,3.5,6/24/2021,3,1.5,NA
4/1/2020,2020,2.385,6/29/2017,4,1.5,4.52
4/1/2020,2021,3.443,6/26/2018,3.75,1.5,NA
4/1/2020,2022,3.5,6/27/2019,3.5,1.5,NA
4/1/2020,2023,3.5,6/25/2020,3.25,1.5,NA
4/1/2020,2024,3.5,6/24/2021,3,1.5,NA
5/1/2020,2020,1.6645,6/29/2017,4,1.5,4.52
5/1/2020,2021,3.1895,6/26/2018,3.75,1.5,NA
5/1/2020,2022,3.5,6/27/2019,3.5,1.5,NA
5/1/2020,2023,3.5,6/25/2020,3.25,1.5,NA
5/1/2020,2024,3.5,6/24/2021,3,1.5,NA
6/1/2020,2020,1.581428571,6/29/2017,4,1.5,4.52
6/1/2020,2021,3.035714286,6/26/2018,3.75,1.5,NA
6/1/2020,2022,3.5,6/27/2019,3.5,1.5,NA
6/1/2020,2023,3.5,6/25/2020,3.25,1.5,NA
6/1/2020,2024,3.5,6/24/2021,3,1.5,NA
7/1/2020,2020,1.679565217,6/29/2017,4,1.5,4.52
7/1/2020,2021,3,6/26/2018,3.75,1.5,NA
7/1/2020,2022,3.5,6/27/2019,3.5,1.5,NA
7/1/2020,2023,3.278695652,6/25/2020,3.25,1.5,NA
7/1/2020,2024,3.265217391,6/24/2021,3,1.5,NA
8/1/2020,2020,1.67952381,6/29/2017,4,1.5,4.52
8/1/2020,2021,2.998571429,6/26/2018,3.75,1.5,NA
8/1/2020,2022,3.5,6/27/2019,3.5,1.5,NA
8/1/2020,2023,3.25,6/25/2020,3.25,1.5,NA
8/1/2020,2024,3.25,6/24/2021,3,1.5,NA
9/1/2020,2020,1.934285714,6/29/2017,4,1.5,4.52
9/1/2020,2021,3.003333333,6/26/2018,3.75,1.5,NA
9/1/2020,2022,3.5,6/27/2019,3.5,1.5,NA
9/1/2020,2023,3.25,6/25/2020,3.25,1.5,NA
9/1/2020,2024,3.25,6/24/2021,3,1.5,NA
10/1/2020,2020,2.61047619,6/29/2017,4,1.5,4.52
10/1/2020,2021,3.04,6/26/2018,3.75,1.5,NA
10/1/2020,2022,3.5,6/27/2019,3.5,1.5,NA
10/1/2020,2023,3.25,6/25/2020,3.25,1.5,NA
10/1/2020,2024,3.245238095,6/24/2021,3,1.5,NA
11/1/2020,2020,3.3175,6/29/2017,4,1.5,4.52
11/1/2020,2021,3.289,6/26/2018,3.75,1.5,NA
11/1/2020,2022,3.5,6/27/2019,3.5,1.5,NA
11/1/2020,2023,3.25,6/25/2020,3.25,1.5,NA
11/1/2020,2024,3.2345,6/24/2021,3,1.5,NA
12/1/2020,2020,4.257272727,6/29/2017,4,1.5,4.52
12/1/2020,2021,3.352272727,6/26/2018,3.75,1.5,NA
12/1/2020,2022,3.5,6/27/2019,3.5,1.5,NA
12/1/2020,2023,3.25,6/25/2020,3.25,1.5,NA
12/1/2020,2024,3.203636364,6/24/2021,3,1.5,NA
1/1/2021,2020,4.376666667,6/29/2017,4,1.5,4.52
1/1/2021,2021,3.4165,6/26/2018,3.75,1.5,NA
1/1/2021,2022,3.5,6/27/2019,3.5,1.5,NA
1/1/2021,2023,3.25,6/25/2020,3.25,1.5,NA
1/1/2021,2024,3.231,6/24/2021,3,1.5,NA
1/1/2021,2025,3.107857143,NA,NA,NA,NA
2/1/2021,2021,3.685,6/26/2018,3.75,1.5,NA
2/1/2021,2022,3.493888889,6/27/2019,3.5,1.5,NA
2/1/2021,2023,3.25,6/25/2020,3.25,1.5,NA
2/1/2021,2024,3.25,6/24/2021,3,1.5,NA
2/1/2021,2025,3.246666667,NA,NA,NA,NA
3/1/2021,2021,4.433247826,6/26/2018,3.75,1.5,NA
3/1/2021,2022,3.504543478,6/27/2019,3.5,1.5,NA
3/1/2021,2023,3.25,6/25/2020,3.25,1.5,NA
3/1/2021,2024,3.24826087,6/24/2021,3,1.5,NA
3/1/2021,2025,3.221665217,NA,NA,NA,NA
4/1/2021,2021,4.921835,6/26/2018,3.75,1.5,NA
4/1/2021,2022,3.568645,6/27/2019,3.5,1.5,NA
4/1/2021,2023,3.25,6/25/2020,3.25,1.5,NA
4/1/2021,2024,3.25,6/24/2021,3,1.5,NA
4/1/2021,2025,3.24432,NA,NA,NA,NA
5/1/2021,2021,5.171842857,6/26/2018,3.75,1.5,NA
5/1/2021,2022,3.6452,6/27/2019,3.5,1.5,NA
5/1/2021,2023,3.25,6/25/2020,3.25,1.5,NA
5/1/2021,2024,3.25,6/24/2021,3,1.5,NA
5/1/2021,2025,3.25,NA,NA,NA,NA
6/1/2021,2021,5.77397619,6/26/2018,3.75,1.5,NA
6/1/2021,2022,3.756285714,6/27/2019,3.5,1.5,NA
6/1/2021,2023,3.25,6/25/2020,3.25,1.5,NA
6/1/2021,2024,3.25,6/24/2021,3,1.5,NA
6/1/2021,2025,3.25,NA,NA,NA,NA
7/1/2021,2021,6.318781818,6/26/2018,3.75,1.5,NA
7/1/2021,2022,3.769518182,6/27/2019,3.5,1.5,NA
7/1/2021,2023,3.25,6/25/2020,3.25,1.5,NA
7/1/2021,2024,3.092527273,6/24/2021,3,1.5,NA
7/1/2021,2025,3.016818182,NA,NA,NA,NA
8/1/2021,2021,7.046790909,6/26/2018,3.75,1.5,NA
8/1/2021,2022,3.891677273,6/27/2019,3.5,1.5,NA
8/1/2021,2023,3.25,6/25/2020,3.25,1.5,NA
8/1/2021,2024,3.003186364,6/24/2021,3,1.5,NA
8/1/2021,2025,3,NA,NA,NA,NA
9/1/2021,2021,8.111266667,6/26/2018,3.75,1.5,NA
9/1/2021,2022,4.062095238,6/27/2019,3.5,1.5,NA
9/1/2021,2023,3.25,6/25/2020,3.25,1.5,NA
9/1/2021,2024,3.005857143,6/24/2021,3,1.5,NA
9/1/2021,2025,3,NA,NA,NA,NA
10/1/2021,2021,8.5102,6/26/2018,3.75,1.5,NA
10/1/2021,2022,4.136,6/27/2019,3.5,1.5,NA
10/1/2021,2023,3.25,6/25/2020,3.25,1.5,NA
10/1/2021,2024,3,6/24/2021,3,1.5,NA
10/1/2021,2025,3,NA,NA,NA,NA
8/1/2000,2003,3.092105263,6/28/2001,3.25,2,9.3
9/1/2000,2003,3,6/28/2001,3.25,2,9.3
10/1/2000,2003,3.05952381,6/28/2001,3.25,2,9.3
11/1/2000,2003,3.1345,6/28/2001,3.25,2,9.3
12/1/2000,2003,3.2235,6/28/2001,3.25,2,9.3
1/1/2001,2003,3.424545455,6/28/2001,3.25,2,9.3
2/1/2001,2003,3.46,6/28/2001,3.25,2,9.3
3/1/2001,2003,3.254545455,6/28/2001,3.25,2,9.3
4/1/2001,2003,3,6/28/2001,3.25,2,9.3
5/1/2001,2003,3.146818182,6/28/2001,3.25,2,9.3
6/1/2001,2003,3.5,6/28/2001,3.25,2,9.3
7/1/2001,2003,3.517272727,6/27/2002,4,2.5,9.3
8/1/2001,2003,3.716521739,6/27/2002,4,2.5,9.3
9/1/2001,2003,3.84,6/27/2002,4,2.5,9.3
10/1/2001,2003,4,6/27/2002,4,2.5,9.3
11/1/2001,2003,3.997894737,6/27/2002,4,2.5,9.3
12/1/2001,2003,4,6/27/2002,4,2.5,9.3
1/1/2002,2003,4,6/27/2002,4,2.5,9.3
2/1/2002,2003,4,6/27/2002,4,2.5,9.3
3/1/2002,2003,4,6/27/2002,4,2.5,9.3
4/1/2002,2003,4,6/27/2002,4,2.5,9.3
5/1/2002,2003,4,6/27/2002,4,2.5,9.3
6/1/2002,2003,4,6/27/2002,4,2.5,9.3
7/1/2002,2003,4.219130435,1/21/2003,8.5,2.5,9.3
8/1/2002,2003,4.597272727,1/21/2003,8.5,2.5,9.3
9/1/2002,2003,5.245238095,1/21/2003,8.5,2.5,9.3
10/1/2002,2003,6.377826087,1/21/2003,8.5,2.5,9.3
11/1/2002,2003,9.5515,1/21/2003,8.5,2.5,9.3
12/1/2002,2003,10.8947619,1/21/2003,8.5,2.5,9.3
1/1/2003,2003,11.27136364,1/21/2003,8.5,2.5,9.3
2/1/2003,2003,11.9485,1/21/2003,8.5,2.5,9.3
3/1/2003,2003,12.33315789,1/21/2003,8.5,2.5,9.3
4/1/2003,2003,12.3395,1/21/2003,8.5,2.5,9.3
5/1/2003,2003,12.24428571,1/21/2003,8.5,2.5,9.3
6/1/2003,2003,11.7695,1/21/2003,8.5,2.5,9.3
7/1/2003,2003,10.61130435,1/21/2003,8.5,2.5,9.3
8/1/2003,2003,9.761428571,1/21/2003,8.5,2.5,9.3
9/1/2003,2003,9.594545455,1/21/2003,8.5,2.5,9.3
10/1/2003,2003,9.705454545,1/21/2003,8.5,2.5,9.3
11/1/2003,2003,9.4155,1/21/2003,8.5,2.5,9.3
12/1/2003,2003,9.18,1/21/2003,8.5,2.5,9.3
1/1/2004,2003,9.222857143,1/21/2003,8.5,2.5,9.3
11/1/2001,2004,3.494444444,6/27/2002,3.75,2.5,7.6
12/1/2001,2004,3.6435,6/27/2002,3.75,2.5,7.6
1/1/2002,2004,3.561818182,6/27/2002,3.75,2.5,7.6
2/1/2002,2004,3.506842105,6/27/2002,3.75,2.5,7.6
3/1/2002,2004,3.582,6/27/2002,3.75,2.5,7.6
4/1/2002,2004,3.622727273,6/27/2002,3.75,2.5,7.6
5/1/2002,2004,3.564285714,6/27/2002,3.75,2.5,7.6
6/1/2002,2004,3.5,6/27/2002,3.75,2.5,7.6
7/1/2002,2004,3.710869565,1/21/2003,5.5,2.5,7.6
8/1/2002,2004,3.927272727,1/21/2003,5.5,2.5,7.6
9/1/2002,2004,4,1/21/2003,5.5,2.5,7.6
10/1/2002,2004,4.630434783,1/21/2003,5.5,2.5,7.6
11/1/2002,2004,6.382,1/21/2003,5.5,2.5,7.6
12/1/2002,2004,7.557142857,1/21/2003,5.5,2.5,7.6
1/1/2003,2004,8,1/21/2003,5.5,2.5,7.6
2/1/2003,2004,8,1/21/2003,5.5,2.5,7.6
3/1/2003,2004,8,1/21/2003,5.5,2.5,7.6
4/1/2003,2004,7.9875,1/21/2003,5.5,2.5,7.6
5/1/2003,2004,7.695714286,1/21/2003,5.5,2.5,7.6
6/1/2003,2004,7.3635,1/21/2003,5.5,2.5,7.6
7/1/2003,2004,6.725217391,1/21/2003,5.5,2.5,7.6
8/1/2003,2004,6.361904762,1/21/2003,5.5,2.5,7.6
9/1/2003,2004,6.177272727,1/21/2003,5.5,2.5,7.6
10/1/2003,2004,6.066818182,1/21/2003,5.5,2.5,7.6
11/1/2003,2004,6,1/21/2003,5.5,2.5,7.6
12/1/2003,2004,5.9875,1/21/2003,5.5,2.5,7.6
1/1/2004,2004,6.0005,1/21/2003,5.5,2.5,7.6
2/1/2004,2004,6.013888889,1/21/2003,5.5,2.5,7.6
3/1/2004,2004,5.992173913,1/21/2003,5.5,2.5,7.6
4/1/2004,2004,6.1075,1/21/2003,5.5,2.5,7.6
5/1/2004,2004,6.265714286,1/21/2003,5.5,2.5,7.6
6/1/2004,2004,6.753809524,1/21/2003,5.5,2.5,7.6
7/1/2004,2004,7.077727273,1/21/2003,5.5,2.5,7.6
8/1/2004,2004,7.196818182,1/21/2003,5.5,2.5,7.6
9/1/2004,2004,7.332857143,1/21/2003,5.5,2.5,7.6
10/1/2004,2004,7.207,1/21/2003,5.5,2.5,7.6
11/1/2004,2004,7.205263158,1/21/2003,5.5,2.5,7.6
12/1/2004,2004,7.392857143,1/21/2003,5.5,2.5,7.6
1/1/2005,2004,7.483333333,1/21/2003,5.5,2.5,7.6
